<?xml version="1.0" encoding="UTF-8"?>
<beans xmlns="http://www.springframework.org/schema/beans"
       xmlns:xsi="http://www.w3.org/2001/XMLSchema-instance"
       xmlns:context="http://www.springframework.org/schema/context"
       xmlns:jdbc="http://www.springframework.org/schema/jdbc"
       xmlns:mybatis-spring="http://mybatis.org/schema/mybatis-spring"
       xsi:schemaLocation="http://www.springframework.org/schema/beans
           http://www.springframework.org/schema/beans/spring-beans.xsd
           http://www.springframework.org/schema/context
           http://www.springframework.org/schema/context/spring-context.xsd
           http://www.springframework.org/schema/jdbc
           http://www.springframework.org/schema/jdbc/spring-jdbc.xsd
           http://mybatis.org/schema/mybatis-spring
           http://mybatis.org/schema/mybatis-spring.xsd">

    <!-- Component scanning -->
    <context:component-scan base-package="com.zandi.mapper" />

   <bean id="dataSource" class="org.springframework.jdbc.datasource.DriverManagerDataSource">
        <property name="driverClassName" value="oracle.jdbc.OracleDriver" />
        <property name="url" value="jdbc:oracle:thin:@localhost:1521:orcl" />
        <property name="username" value="SCOTT" />
        <property name="password" value="tiger" />
    </bean>
   <!-- MyBatis SqlSessionFactory 설정 -->
    <bean id="sqlSessionFactory" class="org.mybatis.spring.SqlSessionFactoryBean">
        <property name="dataSource" ref="dataSource" />
        <property name="configLocation" value="classpath:mybatis/mapper/mybatis-config.xml" />
    </bean>

    <!-- MyBatis 매퍼 스캔 설정 -->
    <bean class="org.mybatis.spring.mapper.MapperScannerConfigurer">
        <property name="basePackage" value="com.zandi.mapper" />
    </bean>

</beans>
